{
    "colliders": [
        {
            "type": "box",
            "name": "ground_col",
            "color": [
                14.73960192874074,
                6.889520036056638,
                4.904408706352115,
                255
            ],
            "location": [
                -0.0,
                -29.095584869384766,
                -31.989709854125977
            ],
            "rotation": [
                -4.5506286516783234e-08,
                0.0,
                -0.0
            ],
            "scale": [
                1,
                1,
                1
            ],
            "dimensions": [
                384.5320129394531,
                20.0,
                1312.5791015625
            ]
        },
        {
            "type": "box",
            "name": "patio_col",
            "color": [
                205,
                205,
                205,
                255
            ],
            "location": [
                -0.0,
                -15.24908447265625,
                -576.1608276367188
            ],
            "rotation": [
                -4.5506286516783234e-08,
                0.0,
                -0.0
            ],
            "scale": [
                1,
                1,
                1
            ],
            "dimensions": [
                111.52958679199219,
                11.563769340515137,
                111.52958679199219
            ]
        },
        {
            "type": "box",
            "name": "door_col",
            "color": [
                205,
                205,
                205,
                255
            ],
            "location": [
                -0.0,
                5.55303955078125,
                -607.4476318359375
            ],
            "rotation": [
                -4.5506286516783234e-08,
                0.0,
                -0.0
            ],
            "scale": [
                1,
                1,
                1
            ],
            "dimensions": [
                17.149843215942383,
                30.9714412689209,
                2.3178837299346924
            ]
        },
        {
            "type": "box",
            "name": "wall_l_col",
            "color": [
                30.415268428623676,
                13.541649710386992,
                9.375453516840935,
                255
            ],
            "location": [
                29.106698989868164,
                13.0035400390625,
                -607.4476318359375
            ],
            "rotation": [
                -4.5506286516783234e-08,
                0.0,
                -0.0
            ],
            "scale": [
                1,
                1,
                1
            ],
            "dimensions": [
                41.070831298828125,
                45.0079345703125,
                3.8834927082061768
            ]
        },
        {
            "type": "box",
            "name": "wall_r_col",
            "color": [
                30.415268428623676,
                13.541649710386992,
                9.375453516840935,
                255
            ],
            "location": [
                -29.106679916381836,
                13.0035400390625,
                -607.4476318359375
            ],
            "rotation": [
                -4.5506286516783234e-08,
                0.0,
                -0.0
            ],
            "scale": [
                1,
                1,
                1
            ],
            "dimensions": [
                41.070831298828125,
                45.0079345703125,
                3.8834900856018066
            ]
        },
        {
            "type": "box",
            "name": "wall_t_col",
            "color": [
                14.73960192874074,
                6.889520036056638,
                4.904408706352115,
                255
            ],
            "location": [
                -0.0,
                28.302001953125,
                -607.4476318359375
            ],
            "rotation": [
                -4.5506286516783234e-08,
                0.0,
                -0.0
            ],
            "scale": [
                1,
                1,
                1
            ],
            "dimensions": [
                17.149843215942383,
                14.301382064819336,
                3.8834900856018066
            ]
        }
    ],
    "house": [
        {
            "type": "box",
            "name": "door",
            "color": [
                14.73960192874074,
                6.889520036056638,
                4.904408706352115,
                255
            ],
            "location": [
                -0.0,
                5.55303955078125,
                -607.4476318359375
            ],
            "rotation": [
                -4.5506286516783234e-08,
                0.0,
                -0.0
            ],
            "scale": [
                1,
                1,
                1
            ],
            "dimensions": [
                17.149843215942383,
                30.9714412689209,
                2.3178837299346924
            ]
        },
        {
            "type": "box",
            "name": "patio",
            "color": [
                30.415268428623676,
                13.541649710386992,
                9.375453516840935,
                255
            ],
            "location": [
                -0.0,
                -10.59423828125,
                -576.1608276367188
            ],
            "rotation": [
                -4.5506286516783234e-08,
                0.0,
                -0.0
            ],
            "scale": [
                1,
                1,
                1
            ],
            "dimensions": [
                111.52958679199219,
                2.502976179122925,
                111.52958679199219
            ]
        },
        {
            "type": "box",
            "name": "wall_r",
            "color": [
                30.415268428623676,
                13.541649710386992,
                9.375453516840935,
                255
            ],
            "location": [
                -29.106679916381836,
                13.0035400390625,
                -607.4476318359375
            ],
            "rotation": [
                -4.5506286516783234e-08,
                0.0,
                -0.0
            ],
            "scale": [
                1,
                1,
                1
            ],
            "dimensions": [
                41.070831298828125,
                45.0079345703125,
                3.8834900856018066
            ]
        },
        {
            "type": "box",
            "name": "wall_l",
            "color": [
                30.415268428623676,
                13.541649710386992,
                9.375453516840935,
                255
            ],
            "location": [
                29.106698989868164,
                13.0035400390625,
                -607.4476318359375
            ],
            "rotation": [
                -4.5506286516783234e-08,
                0.0,
                -0.0
            ],
            "scale": [
                1,
                1,
                1
            ],
            "dimensions": [
                41.070831298828125,
                45.0079345703125,
                3.8834927082061768
            ]
        },
        {
            "type": "box",
            "name": "wall_t",
            "color": [
                30.415268428623676,
                13.541649710386992,
                9.375453516840935,
                255
            ],
            "location": [
                -0.0,
                28.302001953125,
                -607.4476318359375
            ],
            "rotation": [
                -4.5506286516783234e-08,
                0.0,
                -0.0
            ],
            "scale": [
                1,
                1,
                1
            ],