{
    "markers": [
        {
            "type": "empty",
            "name": "spawn",
            "color": [
                205,
                205,
                205,
                255
            ],
            "location": [
                -0.0,
                35.561279296875,
                279.3611145019531
            ],
            "rotation": [
                -1.5707963705062866,
                0.0,
                -0.0
            ],
            "scale": [
                1,
                1,
                1
            ]
        }
    ],
    "terrain": [
        {
            "type": "box",
            "name": "ground",
            "color": [
                204.00000303983688,
                204.00000303983688,
                204.00000303983688,
                255
            ],
            "location": [
                -0.0,
                -29.095584869384766,
                -31.989709854125977
            ],
            "rotation": [
                -4.5506286516783234e-08,
                0.0,
                -0.0
            ],
            "scale": [
                1,
                1,
                1
            ],
            "dimensions": [
                384.5320129394531,
                20.0,
                1312.5791015625
            ]
        },
        {
            "type": "box",
            "name": "test",
            "color": [
                205,
                205,
                205,
                255
            ],
            "location": [
                -0.0,
                -13.0316162109375,
                -576.1608276367188
            ],
            "rotation": [
                -4.5506286516783234e-08,
                0.0,
                -0.0
            ],
            "scale": [
                1,
                1,
                1
            ],
            "dimensions": [
                111.52958679199219,
                11.563769340515137,
                111.52958679199219
            ]
        }
    ],
    "trees": [
        {
            "type": "empty",
            "name": "tree",
            "color": [
                205,
                205,
                205,
                255
            ],
            "location": [
                106.2432861328125,
                -19.294281005859375,
                194.01129150390625
            ],
            "rotation": [
                -1.5707963705062866,
                0.0,
                -0.0
            ],
            "scale": [
                1,
                1,
                1
            ]
        },
        {
            "type": "empty",
            "name": "tree.001",
            "color": [
                205,
                205,
                205,
                255
            ],
            "location": [
                106.2432861328125,
                -19.29428482055664,
                13.794891357421875
            ],
            "rotation": [
                -1.5707963705062866,
                0.0,
                -0.0
            ],
            "scale": [
                1,
                1,
                1
            ]
        },
        {
            "type": "empty",
            "name": "tree.002",
            "color": [
                205,
                205,
                205,
                255
            ],
            "location": [
                106.2432861328125,
                -19.294296264648438,
                -156.9192352294922
            ],
            "rotation": [
                -1.5707963705062866,
                0.0,
                -0.0
            ],
            "scale": [
                1,
                1,
                1
            ]
        },
        {
            "type": "empty",
            "name": "tree.003",
            "color": [
                205,
                205,
                205,
                255
            ],
            "location": [
                106.2432861328125,
                -19.2943115234375,
                -331.0814208984375
            ],
            "rotation": [
                -1.5707963705062866,
                0.0,
                -0.0
            ],
            "scale": [
                1,
                1,
                1
            ]
        },
        {
            "type": "empty",
            "name": "tree.004",
            "color": [
                205,
                205,
                205,
                255
            ],
            "location": [
                -93.74252319335938,
                -19.294281005859375,
                194.01129150390625
            ],
            "rotation": [
                -1.5707963705062866,
                0.0,
                -0.0
            ],
            "scale": [
                1,
                1,
                1
            ]
        },
        {
            "type": "empty",
            "name": "tree.005",
            "color": [
                205,
                205,
                205,
                255
            ],
            "location": [
                -93.74252319335938,
                -19.29428482055664,
                13.794891357421875
            ],
            "rotation": [
                -1.5707963705062866,
                0.0,
                -0.0
            ],
            "scale": [
                1,
                1,
                1
            ]
        },
        {
            "type": "empty",
            "name": "tree.006",
            "color": [
                205,
                205,
                205,
                255
            ],
            "location": [
                -93.74252319335938,
                -19.294296264648438,
                -156.9192352294922
            ],
            "rotation": [
                -1.5707963705062866,
                0.0,
                -0.0
            ],
            "scale": [
                1,
                1,
                1
            ]
        },
        {
            "type": "empty",
            "name": "tree.007",
            "color": [
                205,
                205,
                205,
                255
            ],
            "location": [
                -93.74252319335938,
                -19.2943115234375,
                -331.0814208984375
            ],
            "rotation": [
                -1.5707963705062866,
                0.0,
                -0.0
            ],
            "scale": [
                1,
                1,
                1
            ]
        }
    ]
}