{
    "streetlight": [
        {
            "type": "cone",
            "name": "light",
            "color": [
                205,
                205,
                205,
                255
            ],
            "location": [
                -9.418487548828125,
                0.0,
                17.340160369873047
            ],
            "rotation": [
                1.570796325,
                -0.0,
                -0.0
            ],
            "scale": [
                1,
                1,
                1
            ],
            "dimensions": [
                22.98578453063965,
                45.9715690612793
            ]
        },
        {
            "type": "box",
            "name": "post",
            "color": [
                6.782230893149972,
                6.782230893149972,
                6.782230893149972,
                255
            ],
            "location": [
                7.674248695373535,
                0.0,
                19.606407165527344
            ],
            "rotation": [
                1.570796325,
                -0.0,
                -0.0
            ],
            "scale": [
                1,
                1,
                1
            ],
            "dimensions": [
                1.7064881324768066,
                39.650306701660156,
                1.7064881324768066
            ]
        },
        {
            "type": "box",
            "name": "top",
            "color": [
                6.782230893149972,
                6.782230893149972,
                6.782230893149972,
                255
            ],
            "location": [
                -0.8138439655303955,
                0.0,
                39.28544616699219
            ],
            "rotation": [
                1.570796325,
                -0.0,
                -0.0
            ],
            "scale": [
                1,
                1,
                1
            ],
            "dimensions": [
                21.936260223388672,
                2.576495409011841,
                4.5433855056762695
            ]
        }
    ]
}