{
    "camera": [
        {
            "type": "camera",
            "name": "camera",
            "location": [
                -0.0,
                -178.37313842773438,
                35.81010055541992
            ],
            "up": [
                -0.0,
                8.940696716308594e-08,
                -1.0
            ],
            "target": [
                -0.0,
                -177.37313842773438,
                35.81010055541992
            ]
        }
    ],
    "clouds": [],
    "main": [
        {
            "type": "box",
            "name": "wall_b",
            "color": [
                194.89287972450256,
                177.04833805561066,
                154.35247510671616,
                255
            ],
            "location": [
                -0.0,
                0.0,
                -37.6674690246582
            ],
            "rotation": [
                1.570796325,
                -0.0,
                -0.0
            ],
            "scale": [
                1,
                1,
                1
            ],
            "dimensions": [
                242.29803466796875,
                122.19794464111328,
                2.0
            ]
        },
        {
            "type": "box",
            "name": "wall_t",
            "color": [
                194.89287972450256,
                177.04833805561066,
                154.35247510671616,
                255
            ],
            "location": [
                -0.0,
                0.0,
                161.91445922851562
            ],
            "rotation": [
                1.570796325,
                -0.0,
                -0.0
            ],
            "scale": [
                1,
                1,
                1
            ],
            "dimensions": [
                242.29803466796875,
                122.19794464111328,
                2.0
            ]
        },
        {
            "type": "box",
            "name": "table_top",
            "color": [
                81.22739776968956,
                44.36681069433689,
                4.778407942503691,
                255
            ],
            "location": [
                -0.0,
                -37.58253479003906,
                0.0
            ],
            "rotation": [
                1.570796325,
                -0.0,
                -0.0
            ],
            "scale": [
                1,
                1,
                1
            ],
            "dimensions": [
                116.82488250732422,
                5.9095458984375,
                73.73263549804688
            ]
        },
        {
            "type": "sphere",
            "name": "table_leg_fl",
            "color": [
                81.22739776968956,
                44.36681069433689,
                4.778407942503691,
                255
            ],
            "location": [
                53.20275115966797,
                -66.52110290527344,
                -7.012721061706543
            ],
            "rotation": [
                0.0,
                -0.0,
                -0.0
            ],
            "scale": [
                1,
                1,
                1
            ],
            "dimensions": [
                6.662269115447998
            ]
        },
        {
            "type": "cone",
            "name": "table_leg_fl",
            "color": [
                81.22739776968956,
                44.36681069433689,
                4.778407942503691,
                255
            ],
            "location": [
                53.20275115966797,
                -66.52110290527344,
                -64.58405303955078
            ],
            "rotation": [
                1.570796325,
                -3.1415929794311523,
                0.0
            ],
            "scale": [
                1,
                1,
                1
            ],
            "dimensions": [
                5.0023040771484375,
                131.1422882080078
            ]
        },
        {
            "type": "sphere",
            "name": "table_leg_fr",
            "color": [
                81.22739776968956,
                44.36681069433689,
                4.778407942503691,
                255
            ],
            "location": [
                -52.13894271850586,
                -66.52110290527344,
                -7.012721061706543
            ],
            "rotation": [
                0.0,
                -0.0,
                -0.0
            ],
            "scale": [
                1,
                1,
                1
            ],
            "dimensions": [
                6.662269115447998
            ]
        },
        {
            "type": "cone",
            "name": "table_leg_fr",
            "color": [
                81.22739776968956,
                44.36681069433689,
                4.778407942503691,
                255
            ],
            "location": [
                -52.13894271850586,
                -66.52110290527344,
                -64.58405303955078
            ],
            "rotation": [
                1.570796325,
                -3.1415929794311523,
                0.0
            ],
            "scale": [
                1,
                1,
                1
            ],
            "dimensions": [
                5.0023040771484375,
                131.1422882080078
            ]
        },
        {
            "type": "sphere",
            "name": "table_leg_br",
            "color": [
                81.22739776968956,
                44.36681069433689,
                4.778407942503691,
                255
            ],
            "location": [
                -52.13894271850586,
                -7.835595607757568,
                -7.012721061706543
            ],
            "rotation": [
                0.0,
                -0.0,
                -0.0
            ],
            "scale": [
                1,
                1,
                1
            ],
            "dimensions": [
                6.662269115447998
            ]
        },
        {
            "type": "cone",
            "name": "table_leg_br",
            "color": [
                81.22739776968956,
                44.36681069433689,
                4.778407942503691,
                255
            ],
            "location": [
                -52.13894271850586,
                -7.835596084594727,
                -64.58405303955078
            ],
            "rotation": [
                1.570796325,
                -3.1415929794311523,
                0.0
            ],
            "scale": [
                1,
                1,
                1
            ],
            "dimensions": [
                5.0023040771484375,
                131.1422882080078
            ]
        },
        {
            "type": "sphere",
            "name": "table_leg_bl",
            "color": [
                81.22739776968956,
                44.36681069433689,
                4.778407942503691,
                255
            ],
            "location": [
                51.67658615112305,
                -7.835595607757568,
                -7.012721061706543
            ],
            "rotation": [
                0.0,
                -0.0,
                -0.0
            ],
            "scale": [
                1,
                1,
                1
            ],
            "dimensions": [
                6.662269115447998
            ]
        },
        {
            "type": "cone",
            "name": "table_leg_bl",
            "color": [
                81.22739776968956,
                44.36681069433689,
                4.778407942503691,
                255
            ],
            "location": [
                51.67658615112305,
                -7.835596084594727,
                -64.58405303955078
            ],