{
    "camera": [
        {
            "type": "camera",
            "name": "camera",
            "location": [
                -47.85985565185547,
                -55.93714141845703,
                19.503013610839844
            ],
            "up": [
                -0.32401347160339355,
                -0.30542075634002686,
                -0.8953956961631775
            ],
            "target": [
                -47.20829772949219,
                -55.32297134399414,
                19.057743072509766
            ]
        }
    ],
    "markers": [
        {
            "type": "empty",
            "name": "energy",
            "color": [
                205,
                205,
                205,
                255
            ],
            "location": [
                25.72905731201172,
                13.320757865905762,
                3.4840993881225586
            ],
            "rotation": [
                0.0,
                -0.0,
                -0.0
            ],
            "scale": [
                1,
                1,
                1
            ]
        }
    ],
    "objects": [
        {
            "type": "box",
            "name": "ground",
            "color": [
                205,
                205,
                205,
                255
            ],
            "location": [
                25.72905731201172,
                13.320757865905762,
                -30.080078125
            ],
            "rotation": [
                1.570796325,
                -0.0,
                -0.0
            ],
            "scale": [
                1,
                1,
                1
            ],
            "dimensions": [
                181.5625,
                5.346524715423584,
                181.5625
            ]
        },
        {
            "type": "box",
            "name": "desk",
            "color": [
                205,
                205,
                205,
                255
            ],
            "location": [
                19.361278533935547,
                69.70680236816406,
                -5.3199896812438965
            ],
            "rotation": [
                1.570796325,
                -0.0,
                -0.0
            ],
            "scale": [
                1,
                1,
                1
            ],
            "dimensions": [
                60.2448844909668,
                3.4682464599609375,
                32.70997619628906
            ]
        },
        {
            "type": "box",
            "name": "ground.001",
            "color": [
                205,
                205,
                205,
                255
            ],
            "location": [
                25.72905731201172,
                98.51806640625,
                27.630590438842773
            ],
            "rotation": [
                1.570796325,
                -0.0,
                -0.0
            ],
            "scale": [
                1,
                1,
                1
            ],
            "dimensions": [
                181.5625,
                117.630859375,
                6.3315110206604
            ]
        },
        {
            "type": "box",
            "name": "ground.002",
            "color": [
                205,
                205,
                205,
                255
            ],
            "location": [
                119.20165252685547,
                5.7094268798828125,
                27.630590438842773
            ],
            "rotation": [
                1.570796325,
                -0.0,
                -0.0
            ],
            "scale": [
                1,
                1,
                1
            ],
            "dimensions": [
                8.311899185180664,
                117.63085174560547,
                187.62750244140625
            ]
        },
        {
            "type": "box",
            "name": "desk.001",
            "color": [
                205,
                205,
                205,
                255
            ],
            "location": [
                -5.790767669677734,
                57.691932678222656,
                -17.235105514526367
            ],
            "rotation": [
                1.570796325,
                -0.0,
                -0.0
            ],
            "scale": [
                1,
                1,
                1
            ],
            "dimensions": [
                4.033974647521973,
                24.979585647583008,
                3.6388440132141113
            ]
        },
        {
            "type": "box",
            "name": "desk.002",
            "color": [
                205,
                205,
                205,
                255
            ],
            "location": [
                44.820377349853516,
                57.691932678222656,
                -17.235105514526367
            ],
            "rotation": [
                1.570796325,
                -0.0,
                -0.0
            ],
            "scale": [
                1,
                1,
                1
            ],
            "dimensions": [
                4.033974647521973,
                24.979585647583008,
                3.6388440132141113
            ]
        },
        {
            "type": "box",
            "name": "desk.003",
            "color": [
                205,
                205,
                205,
                255
            ],
            "location": [
                -5.790767669677734,
                81.6506576538086,
                -17.235105514526367
            ],
            "rotation": [
                1.570796325,
                -0.0,
                -0.0
            ],
            "scale": [
                1,
                1,
                1
            ],
            "dimensions": [
                4.033974647521973,
                24.979585647583008,
                3.6388440132141113
            ]
        },
        {
            "type": "box",
            "name": "desk.004",
            "color": [
                205,
                205,
                205,
                255
            ],
            "location": [
                44.820377349853516,
                81.6506576538086,
                -17.235105514526367
            ],
            "rotation": [
                1.570796325,
                -0.0,
                -0.0
            ],
            "scale": [
                1,
                1,
                1
            ],
            "dimensions": [
                4.033974647521973,
                24.979585647583008,
                3.6388440132141113
            ]
        },
        {
            "type": "box",
            "name": "thing",
            "color": [
                205,
                205,
                205,
                255
            ],
            "location": [
                98.5643081665039,
                18.48920249938965,
                -18.604421615600586
            ],
            "rotation": [
                1.570796325,
                -0.0,
                -0.0
            ],
            "scale": [
                1,
                1,
                1
            ],
            "dimensions": [
                36.44217300415039,
                20.0,
                67.1442642211914
            ]
        },
        {
            "type": "box",
            "name": "thing.001",
            "color": [
                205,
                205,
                205,
                255
            ],
            "location": [
                98.5643081665039,
                -3.9212989807128906,
                -2.6055965423583984
            ],
            "rotation": [
                1.570796325,
                -0.0,
                -0.0
            ],
            "scale": [
                1,
                1,
                1
            ],